Keyword,Volume,Difficulty,Intent,Assigned Page URL,Page Type,Gap,Priority
church in Limbe,320,22,Local,https://www.prayerhouseministryintl.org/,Homepage,N,High
church in Limbe Cameroon,210,18,Local,https://www.prayerhouseministryintl.org/visit,Landing,N,High
churches in Limbe,260,20,Local,https://www.prayerhouseministryintl.org/visit,Landing,N,High
Pentecostal church Limbe,90,16,Local,https://www.prayerhouseministryintl.org/,Homepage,N,High
prophetic church Cameroon,70,24,Commercial,https://www.prayerhouseministryintl.org/about,About,N,High
Prayer House Ministry International,50,10,Navigational,https://www.prayerhouseministryintl.org/,Homepage,N,High
Solution Center Limbe,40,8,Navigational,https://www.prayerhouseministryintl.org/,Homepage,N,High
Sunday service Limbe,80,14,Local,https://www.prayerhouseministryintl.org/visit,Landing,N,High
Bible study Limbe,40,12,Local,https://www.prayerhouseministryintl.org/events,Hub,N,Medium
Mile 4 Limbe church,30,8,Local,https://www.prayerhouseministryintl.org/contact,Contact,N,High
prayer request Cameroon,60,19,Transactional,https://www.prayerhouseministryintl.org/contact,Contact,N,Medium
how to pray with power,480,38,Informational,https://www.prayerhouseministryintl.org/blog/the-secret-place-of-prayer,Article,N,High
what is prevailing prayer,210,28,Informational,https://www.prayerhouseministryintl.org/sermons/the-power-of-prevailing-prayer,Sermon,N,High
what is a prophetic church,170,32,Informational,https://www.prayerhouseministryintl.org/glossary,Glossary,N,High
house of prayer meaning,390,35,Informational,https://www.prayerhouseministryintl.org/glossary,Glossary,N,Medium
best church in Limbe,90,26,Commercial,https://www.prayerhouseministryintl.org/visit,Landing,N,Medium
youth ministry Limbe,40,15,Local,https://www.prayerhouseministryintl.org/ministries,Service,N,Medium
choir ministry Cameroon,30,12,Informational,https://www.prayerhouseministryintl.org/ministries,Service,N,Low
all night prayer Limbe,25,10,Local,https://www.prayerhouseministryintl.org/faq,FAQ,N,Medium
Rev Apostle E.S. Hugo,20,5,Navigational,https://www.prayerhouseministryintl.org/about,About,N,Medium
Prophetess Ekwalla Calista,15,5,Navigational,https://www.prayerhouseministryintl.org/about,About,N,Medium
Christian church South West Cameroon,70,20,Local,https://www.prayerhouseministryintl.org/,Homepage,N,Medium
tithing in church explained,540,41,Informational,https://www.prayerhouseministryintl.org/blog/understanding-the-tithe,Article,Y,High
raising Christian children,720,44,Informational,https://www.prayerhouseministryintl.org/blog/raising-spirit-filled-children,Article,Y,Medium
church near me Limbe,150,18,Local,https://www.prayerhouseministryintl.org/visit,Landing,N,High
what time is church on Sunday Limbe,40,9,Local,https://www.prayerhouseministryintl.org/faq,FAQ,N,High
how to visit a church in Limbe,20,8,Informational,https://www.prayerhouseministryintl.org/visit,Landing,N,High
revival conference Cameroon,60,22,Commercial,https://www.prayerhouseministryintl.org/events,Hub,N,Medium
online sermons Cameroon,90,27,Informational,https://www.prayerhouseministryintl.org/sermons,Hub,N,Medium
give to church Cameroon MoMo,40,14,Transactional,https://www.prayerhouseministryintl.org/#give,Homepage,N,Low
Solution Center vs Prayer House,10,3,Navigational,https://www.prayerhouseministryintl.org/glossary,Glossary,N,Low
prayer ministry Cameroon,80,21,Commercial,https://www.prayerhouseministryintl.org/ministries,Service,N,Medium
Fako Division churches,30,11,Local,https://www.prayerhouseministryintl.org/visit,Landing,N,Low
healing service Limbe,35,13,Local,https://www.prayerhouseministryintl.org/events,Hub,N,Medium
daily declarations for breakthrough,260,33,Informational,https://www.prayerhouseministryintl.org/blog/7-daily-declarations-for-breakthrough,Article,Y,Medium
negative: Prayer House Ministry International Toronto,0,0,Negative,n/a,n/a,N,High
negative: prayer house Wilmington NC,0,0,Negative,n/a,n/a,N,High
negative: hotel church Limbe,0,0,Negative,n/a,n/a,N,Low
