Prospect Domain,DR,Contact Name,Email,Outreach Date,Follow-up 1 Date,Follow-up 2 Date,Status,Link Acquired,Link URL
Google Business Profile,n/a,GBP support,n/a,,,,Claim listing,N,
Bing Places,n/a,,,, ,,,Create listing,N,
Apple Maps Connect,n/a,,,,,,,Create listing,N,
Local Limbe tourism page,n/a,,,,,,,Research contact,N,
Christian directory Cameroon,n/a,,,,,,,Research contact,N,
University of Buea chaplaincy,n/a,,,,,,,Research contact,N,
Diaspora fellowship newsletters,n/a,,,,,,,Draft mention request,N,
Regional radio ministry desk,n/a,,,,,,,Media kit,N,
Conference host churches 2026,n/a,,,,,,,Partner page,N,
Bible Gateway blog (scripture literacy),n/a,,,,,,,Not a fit unless original study,N,
